PTM pattern,average mass,mass shift,masses overlap_rep1,raw intensities overlap_rep1,rel. abundances overlap_rep1
0,43667.530939285556,14.97980928340985,43667.530939285556,0.9738759389536191,0.1369629319042281
1[Me3]1[Ox],43711.47838310406,58.927253101915994,43711.47838310406,0.5782706900872071,0.08132622029221025
2[Me2]1[Ox],43725.60971917627,73.05858917412115,43725.60971917627,0.4103906137735968,0.057716080087983804
1[Ph]1[Me2]1[Na],43783.518388717755,130.9672587156092,43783.518388717755,0.6050965815102883,0.08509893157225006
1[Ph]2[Me3]1[Ox],43832.87236848202,180.32123847987532,43832.87236848202,0.885710609732618,0.12456362979662673
1[Ph]1[Ac]1[Cys],43893.547282367734,240.99615236558748,43893.547282367734,0.9275013879011513,0.13044095695461305
2[Me2]2[Cys],43946.95704151145,294.40591150930413,43946.95704151145,0.9932143776678701,0.139682630747594
2[Ph]1[Me3]1[Ox]1[Cys],43989.80129071651,337.25016071436403,43989.80129071651,0.9921620760220022,0.13953463826425921
1[Me2]1[Me3]3[Cys]1[Na],44102.16041345791,449.60928345576394,44102.16041345791,0.7442851106465463,0.1046739803802347
