,nutlin_5,nutlin_6,uv_5,uv_6
noise_level,0.08560546804105057,0.08874117876113097,0.07864519174420077,0.10000046639783486
rescaling_factor,794.982177734375,975.6676635742188,1642.33056640625,1167.1253662109375
total_protein_abundance,79.39142243223148,78.08742500126789,82.97100556731758,104.89918213882419
