,nutlin_only_rep1,nutlin_only_rep5,nutlin_only_rep6,xray_2hr_rep1,xray_2hr_rep5,xray_2hr_rep6,xray_7hr_rep1,xray_7hr_rep5,xray_7hr_rep6,xray-nutlin_rep1,xray-nutlin_rep5,xray-nutlin_rep6,uv_7hr_rep1,uv_7hr_rep5,uv_7hr_rep6
noise_level,57.19319957534171,64.15290974022581,82.0207366788645,18.608338436047173,121.2761200182022,32.40829752431173,29.092520445911685,81.35293134143596,23.42879959215283,143.28720158323054,91.28771334126313,73.2205298888664,73.10447982142539,122.39750043436014,111.52156189292033
