,nutlin_only_rep1,nutlin_only_rep5,nutlin_only_rep6,xray_2hr_rep1,xray_2hr_rep5,xray_2hr_rep6,xray_7hr_rep1,xray_7hr_rep5,xray_7hr_rep6,xray-nutlin_rep1,xray-nutlin_rep5,xray-nutlin_rep6,uv_7hr_rep1,uv_7hr_rep5,uv_7hr_rep6
noise_level,59.638565768343355,68.53892985543149,87.09546955478758,19.45500114538643,126.39110025785509,34.30878577347519,30.646035002103567,84.02119632885055,24.45098028162763,151.89922824684163,97.23973857848702,77.44042735404695,77.34459618226187,129.93881956806666,117.64826034518657
calibration_number,2.792166615363385,-1.1806359980037087,-0.37479986648395425,0.7197431879321812,0.885786346734676,-0.27087998254137347,1.7070344597377698,-0.1306063299634843,-1.2535892389059882,1.5096157822481473,-1.1876823707207222,-1.3415660915270564,0.6383959284721641,-1.208715431719611,-1.3042670106588048
