,nutlin_only_rep1,nutlin_only_rep5,nutlin_only_rep6,nutlin_only_rep8,nutlin_only_rep9,xray_2hr_rep1,xray_2hr_rep5,xray_2hr_rep6,xray_2hr_rep8,xray_2hr_rep9,xray_7hr_rep1,xray_7hr_rep5,xray_7hr_rep6,xray_7hr_rep8,xray_7hr_rep9,xray-nutlin_rep1,xray-nutlin_rep5,xray-nutlin_rep6,xray-nutlin_rep8,xray-nutlin_rep9,uv_7hr_rep1,uv_7hr_rep5,uv_7hr_rep6,uv_7hr_rep8,uv_7hr_rep9
noise_level,59.28798664171041,68.05482140924482,86.58189854469474,12.35303712018835,169.77226247230695,19.30118422423241,125.72822212213244,34.02648435656483,1.7571256792676546,34.33765750164827,30.358815956497196,83.52341625995537,24.250525327418515,3.3369642907029826,15.362247496642757,150.48103705978605,96.42555425683997,76.75676726486248,10.49353863437072,245.6526132541206,76.74320655862364,129.1614023023814,116.71308096583756,6.1622510598109175,120.04880528074516
