,nutlin_only_rep5,nutlin_only_rep6,uv_7hr_rep5,uv_7hr_rep6
noise_level,68.05482140924482,86.58189854469474,129.1614023023814,116.71308096583756
