,nutlin_only_rep5,nutlin_only_rep9,xray_2hr_rep5,xray_2hr_rep9,xray_7hr_rep5,xray_7hr_rep9,xray-nutlin_rep5,xray-nutlin_rep9,uv_7hr_rep5,uv_7hr_rep9
noise_level,68.05482140924482,169.77226247230695,125.72822212213244,34.33765750164827,83.52341625995537,15.362247496642757,96.42555425683997,245.6526132541206,129.1614023023814,120.04880528074516
