,nutlin_only_rep1,nutlin_only_rep5,nutlin_only_rep6,xray_2hr_rep1,xray_2hr_rep5,xray_2hr_rep6,xray_7hr_rep1,xray_7hr_rep5,xray_7hr_rep6,xray-nutlin_rep1,xray-nutlin_rep5,xray-nutlin_rep6,uv_7hr_rep1,uv_7hr_rep5,uv_7hr_rep6
noise_level,57.387435344145025,64.39584491546375,82.10799642116663,18.867119456934304,121.90361621210023,32.46215316780608,29.097705924543202,81.13144574846271,23.219811736391943,145.30342629003147,91.92597033053187,72.77392715623891,74.25409689551007,124.23458946457835,113.06772145707832
