,nutlin_only_rep5,nutlin_only_rep6,xray_2hr_rep5,xray_2hr_rep6,xray_7hr_rep5,xray_7hr_rep6,xray-nutlin_rep5,xray-nutlin_rep6,uv_7hr_rep5,uv_7hr_rep6
noise_level,0.08560546804105057,0.08874117876113097,0.100074261043443,0.0793842292079807,0.1059382459751107,0.08867337450850259,0.09878992814501976,0.0794857773362653,0.07864519174420077,0.10000046639783486
rescaling_factor,794.982177734375,975.6676635742188,1256.3492431640625,428.6302795410156,788.4160766601562,273.4814758300781,976.066650390625,965.6666870117188,1642.33056640625,1167.1253662109375
total_protein_abundance,83.42202516379932,78.50258050799238,119.33948364011142,72.96365246623961,125.59495012006303,96.50644818286337,91.13051517272933,65.25477995743366,83.32898152334205,109.48353246997574
