,nutlin_only_rep1,nutlin_only_rep5,nutlin_only_rep6,xray_2hr_rep1,xray_2hr_rep5,xray_2hr_rep6,xray_7hr_rep1,xray_7hr_rep5,xray_7hr_rep6,xray-nutlin_rep1,xray-nutlin_rep5,xray-nutlin_rep6,uv_7hr_rep1,uv_7hr_rep5,uv_7hr_rep6
noise_level,57.1931995753417,64.15290974022581,82.0207366788645,18.608338436047173,121.27612001820218,32.408297524311735,29.09252044591169,81.35293134143596,23.42879959215283,143.28720158323057,91.28771334126311,73.2205298888664,73.10447982142539,122.39750043436017,111.52156189292033
