,nutlin_only_rep5,nutlin_only_rep6,uv_7hr_rep5,uv_7hr_rep6
noise_level,0.042802734020525285,0.044370589380565484,0.03932259587210039,0.05000023319891743
rescaling_factor,794.982177734375,975.6676635742188,1642.33056640625,1167.1253662109375
total_protein_abundance,92.32840263184431,83.86762130050734,89.32790737456949,116.84715165801367
