,nutlin_only_rep5,nutlin_only_rep6,uv_7hr_rep5,uv_7hr_rep6
noise_level,0.05136328082463034,0.053244707256678576,0.04718711504652046,0.06000027983870091
rescaling_factor,794.982177734375,975.6676635742188,1642.33056640625,1167.1253662109375
total_protein_abundance,85.50370493263964,80.54908643974399,86.57978305966246,110.26666273837436
