,nutlin_only_rep5,nutlin_only_rep6,xray_2hr_rep5,xray_2hr_rep6,xray_7hr_rep5,xray_7hr_rep6,xray-nutlin_rep5,xray-nutlin_rep6,uv_7hr_rep5,uv_7hr_rep6
noise_level,68.05482140924482,86.58189854469474,125.72822212213244,34.02648435656483,83.52341625995537,24.250525327418515,96.42555425683997,76.75676726486248,129.1614023023814,116.71308096583756
