vertical_error,horizontal_error,basal_noise,all_detected_mass_shifts,simulated_mass_shifts,matching_mass_shifts,mass_shift_deviation,r_score_abundance,matching_ptm_patterns_min_ptm,matching_ptm_patterns_min_error,matching_ptm_patterns_min_both,matching_ptm_patterns_min_err
0,0,0,7.0,7,7.0,0.0010846813870235776,0.9999851970487346,5.0,,1.0,7.0
0,0,1,7.0,7,7.0,0.03922231241399564,0.9956633074106996,5.0,,1.0,1.5
0,1,0,7.0,7,7.0,0.00486236353272201,0.999983304212053,5.0,,1.0,3.0
0,1,1,7.0,7,7.0,0.03284641925960298,0.9961818680023652,4.5,,1.0,2.5
1,0,0,7.0,7,7.0,0.041697800555396985,0.9980294806246508,5.0,,1.0,1.0
1,0,1,7.0,7,7.0,0.043605697906611604,0.9935181037869726,4.5,,1.0,1.0
1,1,0,7.0,7,7.0,0.0439013347520127,0.9976149565049357,5.0,,1.0,1.5
1,1,1,7.0,7,7.0,0.03138344467279262,0.9956051196339859,5.0,,1.0,1.5
