vertical_error,horizontal_error,basal_noise,all_detected_mass_shifts,simulated_mass_shifts,matching_mass_shifts,r_score_abundance,matching_ptm_patterns,mass_shift_deviation
0,0,0,,7,7.0,0.9999787981913252,6.0,0.044684874430860666
0,0,1,,7,7.0,0.9973799171412718,6.5,0.05554438037959736
0,1,0,,7,7.0,0.9999799702783952,6.0,0.044388488801577364
0,1,1,,7,7.0,0.9974206652844172,6.0,0.05670130745187423
1,0,0,,7,7.0,0.9963677662112762,6.0,0.08812461518860948
1,0,1,,7,7.0,0.9971730281152731,6.0,0.06555117662788033
1,1,0,,7,7.0,0.9937072650819474,6.0,0.07676614656028423
1,1,1,,7,7.0,0.9965941143902606,6.0,0.07860759559481992
