vertical_error,horizontal_error,basal_noise,all_detected_mass_shifts,simulated_mass_shifts,matching_mass_shifts,mass_shift_deviation,r_score_abundance,matching_ptm_patterns_min_ptm,matching_ptm_patterns_min_err,matching_ptm_patterns_min_both
0,0,0,7.0,7,7.0,0.0012651386017042312,0.9999851965118123,5.0,7.0,7.0
0,0,1,7.0,7,7.0,0.04068496837139333,0.9945213878490629,5.0,1.0,5.333333333333333
0,1,0,7.0,7,7.0,0.00589047304986533,0.9999781384052491,5.0,4.0,7.0
0,1,1,7.0,7,7.0,0.04047085367607883,0.9956254166579986,5.0,1.3333333333333333,5.333333333333333
1,0,0,7.0,7,7.0,0.039359384043857505,0.9980051736565908,5.0,1.6666666666666667,5.333333333333333
1,0,1,7.0,7,7.0,0.06761386915148203,0.9944542118869268,5.0,1.3333333333333333,5.666666666666667
1,1,0,7.0,7,7.0,0.04431316714314129,0.9983848278873951,5.0,1.3333333333333333,5.666666666666667
1,1,1,7.0,7,7.0,0.07393623607227877,0.9949337196127273,5.0,1.0,5.666666666666667
