vertical_error,horizontal_error,basal_noise,all_detected_mass_shifts,simulated_mass_shifts,matching_mass_shifts,mass_shift_deviation,r_score_abundance,matching_ptm_patterns (min_ptm),matching_ptm_patterns (min_error),matching_ptm_patterns (min_both),matching_ptm_patterns_min_err,matching_ptm_patterns_min_ptm,matching_ptm_patterns_min_both
0,0,0,12.0,18,9.0,0.44648210121775533,-2.113011188837076,,,,1.0,2.0,1.0
0,0,1,14.0,18,10.0,0.38430093729633724,-1.2718096959996552,,,,1.0,2.0,1.0
0,1,0,12.0,18,9.0,0.3531667445683344,-2.1037106616145063,,,,1.0,2.0,1.0
0,1,1,13.666666666666666,18,9.666666666666666,0.37781671211111845,-1.353714631811794,,,,1.0,2.0,1.0
1,0,0,12.666666666666666,18,9.0,0.3820782967030721,-2.0273150385618233,,,,1.0,2.0,1.0
1,0,1,14.333333333333334,18,9.666666666666666,0.4298248998159016,-1.326129968822661,,,,1.0,2.0,1.0
1,1,0,12.333333333333334,18,9.333333333333334,0.3452990223358821,-4.520446727456364,,,,1.0,2.0,1.0
1,1,1,14.333333333333334,18,9.666666666666666,0.4107541670055299,-1.4693357031711756,,,,1.0,2.3333333333333335,1.0
