vertical_error,horizontal_error,basal_noise,all_detected_mass_shifts,simulated_mass_shifts,matching_mass_shifts,mass_shift_deviation,r_score_abundance,matching_ptm_patterns_min_ptm,matching_ptm_patterns_min_err,matching_ptm_patterns_min_both
0,0,0,7.0,7,7.0,0.0012653181013472458,0.9999989813592133,5.0,7.0,7.0
0,0,1,7.0,7,7.0,0.04466645374071446,0.9964938803947917,5.0,1.5,5.0
0,1,0,7.0,7,7.0,0.004462419510775191,0.9999902911933025,5.0,3.5,7.0
0,1,1,7.0,7,7.0,0.05696583102305436,0.9967158835455572,5.0,1.0,5.5
1,0,0,7.0,7,7.0,0.04847195695864796,0.9970215814539951,5.0,1.0,5.5
1,0,1,7.0,7,7.0,0.07218983545353744,0.9956513050455522,5.0,1.0,5.0
1,1,0,7.0,7,7.0,0.04386069744795339,0.997747190538357,5.0,1.5,6.0
1,1,1,7.0,7,7.0,0.06210576834572658,0.9970982810790375,5.0,1.0,5.5
