vertical_error,horizontal_error,basal_noise,all_detected_mass_shifts,simulated_mass_shifts,matching_mass_shifts,mass_shift_deviation,r_score_abundance,matching_ptm_patterns_min_ptm,matching_ptm_patterns_min_err,matching_ptm_patterns_min_both
0,0,0,7.0,7,7.0,0.001084404515746484,0.9999851965118123,5.0,7.0,2.0
0,0,1,7.0,7,7.0,0.05196233040886535,0.9975245270952057,4.666666666666667,1.3333333333333333,2.0
0,1,0,7.0,7,7.0,0.004118366349798927,0.9999762272686717,5.0,3.3333333333333335,2.0
0,1,1,7.0,7,7.0,0.02957408465263826,0.9962086286333615,4.0,1.6666666666666667,2.0
1,0,0,7.0,7,7.0,0.036396006047571226,0.9954562153021141,4.666666666666667,1.0,2.0
1,0,1,7.0,7,7.0,0.0451638485430453,0.991398582192396,5.0,1.6666666666666667,2.0
1,1,0,7.0,7,7.0,0.030163616266980123,0.9969289544051664,5.0,1.3333333333333333,2.0
1,1,1,7.0,7,7.0,0.057136409503455186,0.9940392207540736,4.333333333333333,1.3333333333333333,2.0
