vertical_error,horizontal_error,basal_noise,all_detected_mass_shifts,simulated_mass_shifts,matching_mass_shifts,mass_shift_deviation,r_score_abundance,matching_ptm_patterns_min_ptm,matching_ptm_patterns_min_err,matching_ptm_patterns_min_both
0,0,0,7.0,7,7.0,0.0012653181013472458,0.9999989813592133,5.0,7.0,7.0
0,0,1,7.0,7,7.0,0.05464239884255641,0.9978071507511753,5.0,1.5,5.5
0,1,0,7.0,7,7.0,0.0050643891096305614,0.9999923551133927,5.0,3.0,7.0
0,1,1,7.0,7,7.0,0.053081245312847525,0.9972118775080452,5.0,1.0,6.5
1,0,0,7.0,7,7.0,0.06320421625878904,0.9949775455116725,5.0,1.0,5.5
1,0,1,7.0,7,7.0,0.06615576172010194,0.9936624244524567,5.0,1.0,5.5
1,1,0,7.0,7,7.0,0.05668184948306787,0.9979040813818749,5.0,1.5,5.5
1,1,1,7.0,7,7.0,0.07084423038854581,0.9969280820550728,5.0,1.5,5.5
