vertical_error,horizontal_error,basal_noise,all_detected_mass_shifts,simulated_mass_shifts,matching_mass_shifts,r_score_abundance,matching_ptm_patterns,mass_shift_deviation
0,0,0,11.1,18,7.9,-4.1000729445251315e+30,2.1,0.48015421152381343
0,0,1,13.1,18,8.6,-6.945815364243007e+30,2.0,0.45916231539284896
0,1,0,11.2,18,8.4,-6.06544510559963e+30,2.0,0.4647242034441474
0,1,1,13.1,18,8.9,-1.271838708323238e+31,2.0,0.43709412761877003
1,0,0,11.4,18,8.6,-1.0137755390056634e+31,2.0,0.46162514906754826
1,0,1,12.8,18,8.3,-9.403291742842646e+30,2.2,0.45352732643071425
1,1,0,11.5,18,8.4,-6.02425595681933e+30,2.0,0.4678091407646063
1,1,1,12.8,18,8.8,-1.6473392432325222e+31,2.0,0.4293774040373367
