vertical_error,horizontal_error,basal_noise,all_detected_mass_shifts,simulated_mass_shifts,matching_mass_shifts,mass_shift_deviation,r_score_abundance,matching_ptm_patterns_min_ptm,matching_ptm_patterns_min_error,matching_ptm_patterns_min_both,matching_ptm_patterns_min_err
0,0,0,20.0,29,17.0,0.3577789788007109,0.31673501988402797,9.0,,0.0,1.0
0,0,1,26.0,29,16.0,0.290783830480605,0.8883830678016719,9.0,,0.0,1.0
0,1,0,21.0,29,17.0,0.3551228430323946,0.34842204361543805,9.0,,0.0,1.0
0,1,1,23.0,29,16.0,0.3073991250656809,0.8291034190850664,11.0,,0.0,1.0
1,0,0,21.0,29,17.0,0.36884291237465683,0.33603759887445595,9.0,,0.0,2.0
1,0,1,23.0,29,15.0,0.3752841382163529,0.13110997837329996,9.0,,0.0,2.0
1,1,0,19.0,29,18.0,0.4054623665379841,0.2207116920347172,9.0,,0.0,1.0
1,1,1,24.0,29,17.0,0.3630775224245215,0.9022828596043416,11.0,,0.0,2.0
