mass shift,pvalue overlap_rep1,chi_score overlap_rep1
14.97980928340985,0.9999999998886756,0.005780260558034024
58.927253101915994,0.9999999997850018,0.006977101077534654
73.05858917412115,0.9880074666449516,1.3159599800968882
130.9672587156092,0.9999999999966355,0.0021260901482377244
180.32123847987532,0.9999999999898698,0.0029133227070681326
240.99615236558748,0.999999999640608,0.008081289386927908
294.40591150930413,0.999999993052096,0.01885865519377342
337.25016071436403,0.9999999999449822,0.004725447555257924
449.60928345576394,0.9999999998788085,0.0017988798017907
